{"loss": [1.538456916809082, 0.7969486117362976, 0.49283114075660706, 0.3655894100666046, 0.2865237593650818, 0.23323066532611847, 0.2011174112558365, 0.18184088170528412, 0.17600788176059723, 0.13572974503040314, 0.12173932790756226, 0.12096738070249557, 0.15319012105464935, 0.0963001549243927, 0.08488021045923233, 0.06299067288637161, 0.12467142939567566, 0.11020762473344803, 0.06986092031002045, 0.09075453877449036, 0.05696769058704376, 0.05915345251560211, 0.05120297893881798, 0.04961637035012245], "accuracy": [0.4765625, 0.7213541865348816, 0.8330078125, 0.8704426884651184, 0.8994140625, 0.9147135615348816, 0.9306640625, 0.9417317509651184, 0.9430338740348816, 0.9615885615348816, 0.9599609375, 0.9583333134651184, 0.9580078125, 0.9716796875, 0.9700520634651184, 0.9801432490348816, 0.9638671875, 0.96484375, 0.9781901240348816, 0.9700520634651184, 0.9801432490348816, 0.978515625, 0.9817708134651184, 0.9840494990348816], "val_loss": [1.1308003664016724, 0.5630747079849243, 0.3595026135444641, 0.34379416704177856, 0.300915002822876, 0.26089033484458923, 0.21510207653045654, 0.25711289048194885, 0.21435874700546265, 0.28580978512763977, 0.26312530040740967, 0.3032251000404358, 0.17886881530284882, 0.17040656507015228, 0.16857028007507324, 0.18164679408073425, 0.21927587687969208, 0.1664372980594635, 0.1534968465566635, 0.1538529396057129, 0.18559134006500244, 0.22335733473300934, 0.25088614225387573, 0.17524462938308716], "val_accuracy": [0.6162109375, 0.7998046875, 0.9033203125, 0.8916015625, 0.90234375, 0.9365234375, 0.935546875, 0.9365234375, 0.943359375, 0.9453125, 0.9453125, 0.9443359375, 0.958984375, 0.966796875, 0.9599609375, 0.96484375, 0.94921875, 0.9599609375, 0.9638671875, 0.9658203125, 0.9755859375, 0.9501953125, 0.9677734375, 0.97265625]}