{"loss": [1.6073578596115112, 0.8563427925109863, 0.5815624594688416, 0.42787137627601624, 0.32468709349632263, 0.278151273727417, 0.2616581320762634, 0.2056811898946762, 0.19508026540279388, 0.14937730133533478, 0.15907810628414154, 0.1264607459306717, 0.12182306498289108, 0.12114543467760086, 0.1142699345946312, 0.09136620163917542, 0.08387210220098495], "accuracy": [0.458984375, 0.6946614384651184, 0.8017578125, 0.8492838740348816, 0.890625, 0.9072265625, 0.9176432490348816, 0.9296875, 0.9358723759651184, 0.9527994990348816, 0.9469401240348816, 0.9612630009651184, 0.95703125, 0.9596354365348816, 0.9645182490348816, 0.9700520634651184, 0.9700520634651184], "val_loss": [1.104844093322754, 0.6303057670593262, 0.5256155133247375, 0.37862396240234375, 0.2637939155101776, 0.43166831135749817, 0.33635926246643066, 0.2698627710342407, 0.23229721188545227, 0.28829100728034973, 0.24616998434066772, 0.16975319385528564, 0.20824523270130157, 0.1983579844236374, 0.22119952738285065, 0.20149704813957214, 0.22285579144954681], "val_accuracy": [0.5966796875, 0.8037109375, 0.822265625, 0.8818359375, 0.9248046875, 0.8955078125, 0.9130859375, 0.9443359375, 0.94921875, 0.927734375, 0.943359375, 0.9541015625, 0.947265625, 0.962890625, 0.9580078125, 0.962890625, 0.9501953125]}