{"loss": [1.5177792310714722, 0.831510066986084, 0.5773331522941589, 0.411826491355896, 0.32200008630752563, 0.2976721227169037, 0.21098262071609497, 0.211586132645607, 0.1894531100988388], "accuracy": [0.4716796875, 0.7027994990348816, 0.7994791865348816, 0.8544921875, 0.890625, 0.900390625, 0.9296875, 0.927734375, 0.9361979365348816], "val_loss": [1.0718181133270264, 0.6188623905181885, 0.47396522760391235, 0.3426212668418884, 0.3126378655433655, 0.2726410925388336, 0.36682650446891785, 0.35553911328315735, 0.27596715092658997], "val_accuracy": [0.6015625, 0.796875, 0.8466796875, 0.8974609375, 0.9111328125, 0.9267578125, 0.8974609375, 0.9326171875, 0.931640625]}