{"loss": [10.601510047912598, 6.589634418487549, 4.5730109214782715, 3.115635871887207, 3.4595117568969727, 2.7189853191375732, 1.5692778825759888, 1.978714942932129, 1.7584199905395508, 1.4036420583724976, 1.288083791732788, 1.1852627992630005, 0.8831411004066467, 1.3534907102584839, 1.0839074850082397, 1.0940569639205933, 1.9591213464736938, 1.240705132484436, 0.8233881592750549, 0.984807550907135, 1.5091298818588257, 1.8632947206497192, 0.5310903787612915, 0.67722088098526, 0.7706764340400696, 1.4033774137496948, 1.18681001663208, 0.5508348345756531, 0.22540704905986786, 0.26402315497398376, 0.29299235343933105, 0.8150143623352051, 0.6686550974845886, 0.7905018925666809, 0.7813050150871277, 0.6310685873031616, 0.8553926944732666, 0.9938082098960876, 0.78187495470047, 0.8464649319648743, 0.8925413489341736, 0.26782599091529846, 0.46877622604370117, 0.8212542533874512, 0.39276543259620667, 0.38279643654823303, 0.4795709550380707, 0.5350386500358582, 1.336193561553955, 1.1969252824783325], "accuracy": [0.4440104067325592, 0.6285807490348816, 0.6962890625, 0.7555338740348816, 0.7659505009651184, 0.783203125, 0.8336588740348816, 0.841796875, 0.845703125, 0.8701171875, 0.8717448115348816, 0.8798828125, 0.90234375, 0.89453125, 0.89453125, 0.916015625, 0.8655598759651184, 0.9111328125, 0.9345703125, 0.9248046875, 0.9036458134651184, 0.9156901240348816, 0.939453125, 0.9261067509651184, 0.94921875, 0.9140625, 0.9290364384651184, 0.9430338740348816, 0.96875, 0.9651692509651184, 0.9635416865348816, 0.9254557490348816, 0.9397786259651184, 0.9378255009651184, 0.9466145634651184, 0.955078125, 0.9505208134651184, 0.935546875, 0.9501953125, 0.9342448115348816, 0.9306640625, 0.9599609375, 0.9518229365348816, 0.9427083134651184, 0.9635416865348816, 0.9606119990348816, 0.955078125, 0.9684244990348816, 0.9469401240348816, 0.9453125], "val_loss": [10.10400676727295, 7.940228462219238, 7.430812358856201, 8.843341827392578, 8.663962364196777, 6.1668901443481445, 6.162270545959473, 7.343242168426514, 8.187601089477539, 7.674053192138672, 7.30955696105957, 6.732860565185547, 6.770695686340332, 9.994704246520996, 7.392124652862549, 9.368415832519531, 8.651341438293457, 10.221879005432129, 8.643238067626953, 9.958880424499512, 10.541605949401855, 8.9662446975708, 10.530510902404785, 10.655473709106445, 11.030352592468262, 10.727108001708984, 10.079239845275879, 9.471056938171387, 10.243048667907715, 9.214818000793457, 9.622689247131348, 11.971734046936035, 9.35977554321289, 11.31381607055664, 11.626311302185059, 10.55508041381836, 12.941079139709473, 12.501221656799316, 11.823639869689941, 12.300568580627441, 10.618467330932617, 12.1738920211792, 12.812736511230469, 12.594188690185547, 12.52133846282959, 14.595643997192383, 12.156479835510254, 15.760412216186523, 13.898575782775879, 12.80402946472168], "val_accuracy": [0.5546875, 0.611328125, 0.623046875, 0.60546875, 0.6318359375, 0.6787109375, 0.7451171875, 0.712890625, 0.708984375, 0.734375, 0.71875, 0.7529296875, 0.7568359375, 0.708984375, 0.7626953125, 0.7265625, 0.7275390625, 0.7431640625, 0.7353515625, 0.7548828125, 0.732421875, 0.765625, 0.7578125, 0.765625, 0.7705078125, 0.7470703125, 0.7890625, 0.78515625, 0.8017578125, 0.8271484375, 0.8017578125, 0.73828125, 0.80078125, 0.7646484375, 0.791015625, 0.8046875, 0.7724609375, 0.767578125, 0.7666015625, 0.771484375, 0.7890625, 0.779296875, 0.7529296875, 0.7822265625, 0.7822265625, 0.7548828125, 0.787109375, 0.7724609375, 0.7783203125, 0.80078125]}