{"loss": [0.9548508524894714, 0.49640050530433655, 0.3245173394680023, 0.2600152790546417, 0.25514519214630127, 0.14746715128421783, 0.14142678678035736, 0.08413434028625488], "accuracy": [0.5751953125, 0.7854817509651184, 0.8697916865348816, 0.9026692509651184, 0.904296875, 0.9521484375, 0.9524739384651184, 0.9794921875], "val_loss": [0.688016951084137, 0.6319354772567749, 0.6056913137435913, 0.791202187538147, 0.7190657258033752, 0.9949402213096619, 0.7389726638793945, 1.0739490985870361], "val_accuracy": [0.6865234375, 0.7421875, 0.7626953125, 0.7294921875, 0.7744140625, 0.7451171875, 0.7998046875, 0.7822265625]}