{"loss": [1.4118423461914062, 0.7705424427986145, 0.5944705605506897, 0.4861750900745392, 0.4625139534473419, 0.3930431306362152, 0.31673237681388855, 0.2838544547557831, 0.2842361330986023, 0.2487342804670334, 0.2564496695995331], "accuracy": [0.5130208134651184, 0.7652994990348816, 0.8235676884651184, 0.8570963740348816, 0.8727213740348816, 0.8883463740348816, 0.9111328125, 0.9235026240348816, 0.9225260615348816, 0.9348958134651184, 0.9388020634651184], "val_loss": [1.3721435070037842, 1.619553804397583, 1.5392780303955078, 1.6557679176330566, 1.8472216129302979, 1.8462939262390137, 2.029381513595581, 2.121898651123047, 2.2408409118652344, 2.2547717094421387, 2.322155714035034], "val_accuracy": [0.5458984375, 0.568359375, 0.583984375, 0.5830078125, 0.583984375, 0.5849609375, 0.583984375, 0.5859375, 0.5810546875, 0.57421875, 0.583984375]}